symbol,company_name,macro_sector,sector,industry,basic_industry,close,daily_change_percent,return_1_week_percent,return_1_month_percent,return_3_month_percent,return_6_month_percent,return_12_month_percent,sma_20,sma_50,sma_65,sma_200,above_sma_20,above_sma_50,above_sma_65,above_sma_200,atr_percent,adr_percent,extension_atr_multiples,range_20_day_percent,volatility_20_day_percent,median_traded_value_inr,high_52_week,low_52_week,position_52_week_percent,distance_from_52_week_high_percent,relative_strength_score,relative_strength_rating,new_20_day_high,new_20_day_low,new_52_week_high,new_52_week_low,momentum_score,momentum_leader,non_extended_leader,tight_setup,emerging_leader,weakening_leader,recovery_candidate,contrarian_quality,breakout_candidate,near_sma_65,near_sma_200,opportunity_type,vpk_scans,vpk_scan_count,vpk_metrics,reasons
STLTECH,Sterlite Technologies Ltd.,Telecommunication,Telecommunication,Telecom - Equipment & Accessories,Telecom - Equipment & Accessories,1001.25,4.804521902967496,21.312170594293335,33.69608759513953,89.57682476569158,353.9581066376496,712.5710111994806,867.6025,734.7810000000001,689.6615384615385,417.25489999999996,True,True,True,True,4.511860174781523,5.152610708961509,8.037724979591344,28.052594625646265,3.4320948452894573,1479814029.805,1003.1,84.6,99.79858464888405,-0.1844282723556967,350.2848787564348,99,True,False,True,False,181.35915322183678,True,False,False,False,False,False,False,True,False,False,Momentum Leader,[],0,"{'market_cap_inr': 524081554047.0, 'relative_volume': 0.678768167006459, 'gap_percent': -0.6884343036978757, 'eps_growth_percent': 1709.7560975609756, 'revenue_growth_percent': 87.43866535819431, 'fcf_growth_percent': 0.0}",['Top-decile blended 1/3/6-month momentum with price > 50 DMA > 200 DMA']
CUPID,Cupid Ltd.,Fast Moving Consumer Goods,Fast Moving Consumer Goods,Personal Products,Personal Care,310.1,-0.7679999999999909,17.240075614366734,9.51792336217554,57.42714996446341,235.17077388672726,622.0695757462861,280.96999999999997,274.0528,259.7358461538462,158.1666,True,True,True,True,5.093978900815406,5.088841226954736,2.5821421720379543,28.45528455284554,3.643950562894177,4291474110.465,316.0,41.816,97.84816035946665,-1.8670886075949245,275.8341049599481,99,False,False,False,False,116.547292882797,True,True,False,False,False,False,False,False,False,False,Non-Extended Leader,[],0,"{'market_cap_inr': 462563303711.0, 'relative_volume': 0.9226706264099601, 'gap_percent': 1.3228666957406634, 'eps_growth_percent': 190.9090909090909, 'revenue_growth_percent': 158.6995379977226, 'fcf_growth_percent': 0.0}","['Top-decile blended 1/3/6-month momentum with price > 50 DMA > 200 DMA', 'Extension is 2.6 ATR multiples, inside the configured limit']"
HFCL,HFCL Ltd.,Telecommunication,Telecommunication,Telecom - Services,Telecom - Infrastructure,250.27,4.9966437321698365,21.5374902874903,8.136017974421028,16.54559001583309,214.37005401331493,229.86687755371028,225.39050000000003,222.8244,220.6503076923077,145.0463,True,True,True,True,4.022227422954638,4.1257708247134515,3.062269163496172,28.22110552763819,3.3207265483400072,1301077401.03,256.7,59.82,96.73405119869972,-2.5048694974678543,141.50540374483091,99,False,False,False,False,93.57298260447281,True,True,False,False,False,False,False,False,False,False,Non-Extended Leader,[],0,"{'market_cap_inr': 415329008317.0, 'relative_volume': 0.8064442346496692, 'gap_percent': -1.0665685913938865, 'eps_growth_percent': 0.0, 'revenue_growth_percent': 119.85488278110721, 'fcf_growth_percent': 0.0}","['Top-decile blended 1/3/6-month momentum with price > 50 DMA > 200 DMA', 'Extension is 3.1 ATR multiples, inside the configured limit']"
WELCORP,Welspun Corp Ltd.,Industrials,Capital Goods,Industrial Products,Iron & Steel Products,2497.5,-4.156113285747187,-8.840383983647836,-3.5937657842289195,63.32069055715406,162.99162849470855,189.0123242492623,2655.985005,2304.086004,2144.6753876923076,1395.3080009999999,False,True,True,True,5.958815672815674,5.437877458603112,1.4087348563081514,29.452727435050452,4.246959089189648,4767241305.58,2900.0,710.0,81.62100456621005,-13.879310344827589,123.76981766944736,98,False,False,False,False,86.46045164683012,True,True,False,False,True,False,False,False,False,False,Non-Extended Leader,[],0,"{'market_cap_inr': 713461354177.0, 'relative_volume': 0.7194404536034967, 'gap_percent': -0.1922650299489691, 'eps_growth_percent': 198.34462001504892, 'revenue_growth_percent': 14.912895714193198, 'fcf_growth_percent': 0.0}","['Top-decile blended 1/3/6-month momentum with price > 50 DMA > 200 DMA', 'Extension is 1.4 ATR multiples, inside the configured limit']"
REDINGTON,Redington Ltd.,Services,Services,Commercial Services & Supplies,Trading & Distributors,412.75,3.719060183440126,1.9513400024700367,11.163479666038235,53.667163067758736,89.16131989000917,47.489726639271026,397.04,365.973,344.63,277.8236,True,True,True,True,3.4308211473565784,3.5227430249972804,3.7255057738963373,13.501082251082241,2.171515630124098,1713036266.1,419.5,191.31,97.04193873526448,-1.6090584028605526,58.96415075023141,96,True,False,True,False,57.23890494622878,True,True,True,False,False,False,False,True,False,False,Tight Leader,[],0,"{'market_cap_inr': 317634934890.0, 'relative_volume': 0.7354753444972159, 'gap_percent': -0.07380073800738286, 'eps_growth_percent': 76.54710175797335, 'revenue_growth_percent': 34.565672998486825, 'fcf_growth_percent': 0.0}","['Top-decile blended 1/3/6-month momentum with price > 50 DMA > 200 DMA', 'Extension is 3.7 ATR multiples, inside the configured limit', '20-session range and daily volatility meet tight-setup limits']"
AEGISLOG,Aegis Logistics Ltd.,Energy,Oil Gas & Consumable Fuels,Gas,Trading - Gas,1359.5,-2.969095710513159,3.929363198532232,7.03038891513148,9.161715111610725,124.4881109643329,72.70071138211381,1365.0,1331.9260000000002,1327.3523076923077,935.90175,False,True,True,True,4.948773183418275,4.816474729771761,0.4183330002109907,24.082792207792213,3.301120862419094,1057992025.5,1528.7,576.1,82.23808524039471,-11.068227906063976,65.37915789370835,96,False,False,False,False,54.759441903579784,True,True,False,False,True,False,False,False,True,False,Non-Extended Leader,[],0,"{'market_cap_inr': 512442432861.0, 'relative_volume': 1.1254654920786669, 'gap_percent': 0.9382276400493115, 'eps_growth_percent': 268.9011840803999, 'revenue_growth_percent': 37.073763674748896, 'fcf_growth_percent': 0.0}","['Top-decile blended 1/3/6-month momentum with price > 50 DMA > 200 DMA', 'Extension is 0.4 ATR multiples, inside the configured limit']"
TDPOWERSYS,TD Power Systems Ltd.,Industrials,Capital Goods,Electrical Equipment,Heavy Electrical Equipment,812.9,2.6194533863535874,12.590027700831019,9.83650857992162,50.537037037037024,85.27635327635328,152.90503227813642,762.4575,718.443,683.206923076923,549.12475,True,True,True,True,4.585874206983815,5.219326592533751,2.8669471871219603,25.897058823529417,3.9549206977696554,1544460564.285,856.1,291.35,92.35059760956175,-5.046139469688127,88.44167528719635,98,True,False,True,False,54.25763141848468,True,True,False,False,False,False,False,True,False,False,Non-Extended Leader,[],0,"{'market_cap_inr': 256323992782.0, 'relative_volume': 0.634100637422421, 'gap_percent': 1.6928510534648615, 'eps_growth_percent': 72.28945726762322, 'revenue_growth_percent': 72.1044586090022, 'fcf_growth_percent': 0.0}","['Top-decile blended 1/3/6-month momentum with price > 50 DMA > 200 DMA', 'Extension is 2.9 ATR multiples, inside the configured limit']"
SANSERA,Sansera Engineering Ltd.,Consumer Discretionary,Automobile and Auto Components,Auto Components,Auto Components & Equipments,4291.2998,0.34372397830697565,-3.722076473028979,13.4484134339234,38.576542771337245,90.58044144424213,206.32449139838673,4281.589995,3962.316006,3793.6507738461537,2806.4470039999997,True,True,True,True,4.961866598753402,4.467424296368113,1.673325047876435,24.82894736842105,3.3079516809424714,1221072101.27,4743.5,1382.7,86.5448643180195,-9.533049436070417,103.61040163531341,98,False,False,False,False,53.09606990614574,True,True,False,False,False,False,False,False,False,False,Non-Extended Leader,[],0,"{'market_cap_inr': 265821630893.0, 'relative_volume': 0.5962166085611075, 'gap_percent': -0.2745383297744989, 'eps_growth_percent': 38.261738261738266, 'revenue_growth_percent': 33.270956081455815, 'fcf_growth_percent': 0.0}","['Top-decile blended 1/3/6-month momentum with price > 50 DMA > 200 DMA', 'Extension is 1.7 ATR multiples, inside the configured limit']"
SYRMA,Syrma SGS Technology Ltd.,Industrials,Capital Goods,Industrial Manufacturing,Industrial Products,1700.4,-1.0186856045171444,-2.6339899221255125,16.681534344335414,24.46201141853317,100.66084493745575,105.23838261919134,1668.4150000000002,1536.164,1500.4246153846154,1119.6644999999999,True,True,True,True,4.787949054004102,4.510387266621181,2.2329616034724182,28.533145275035253,3.0770128930577783,2144690528.525,1822.6,634.5,89.71467048228266,-6.704707560627665,73.26502534787966,97,False,False,False,False,52.99642555755277,True,True,False,False,False,False,False,False,False,False,Non-Extended Leader,[],0,"{'market_cap_inr': 336710965017.0, 'relative_volume': 0.5883162236844424, 'gap_percent': 0.3034293238678625, 'eps_growth_percent': 85.98582474226805, 'revenue_growth_percent': 68.28937053751139, 'fcf_growth_percent': 0.0}","['Top-decile blended 1/3/6-month momentum with price > 50 DMA > 200 DMA', 'Extension is 2.2 ATR multiples, inside the configured limit']"
WELSPUNLIV,Welspun Living Ltd.,Consumer Discretionary,Textiles,Textiles & Apparels,Other Textile Products,230.27,-3.7212024919513254,1.0177670541785533,10.435950314133624,41.330632787086486,89.02479067476608,96.45934647214402,218.631,193.9736,187.43753846153848,150.9436,True,True,True,True,3.8439347598161167,3.7127022608434004,4.8679366546903635,25.135411343893722,2.120376605601571,731961669.575,244.89,107.1,89.38965091806374,-5.970027359222496,70.42081596256662,97,False,False,False,False,52.68462532392011,True,False,False,False,False,False,False,False,False,False,Momentum Leader,[],0,"{'market_cap_inr': 222819883467.0, 'relative_volume': 0.34355989469522796, 'gap_percent': 0.14839311455948204, 'eps_growth_percent': 83.38609322126405, 'revenue_growth_percent': 23.661288966941964, 'fcf_growth_percent': 0.0}",['Top-decile blended 1/3/6-month momentum with price > 50 DMA > 200 DMA']
CPPLUS,Aditya Infotech Ltd.,Industrials,Capital Goods,Industrial Manufacturing,Industrial Products,3989.5,4.997891751818817,7.146696759593296,7.690436006844559,12.234847458649423,109.55457506040548,193.92912399616887,3721.355015,3623.59201,3618.5615430769235,2624.9935035000003,True,True,True,True,4.035413496141657,4.265800574593662,2.5023298545575923,20.1294790725685,2.904219023060278,842198461.215,4094.0,1304.0,96.25448028673836,-2.5525158768930134,98.13491105726328,98,True,False,True,False,50.026635636400634,True,True,False,False,False,False,False,True,False,False,Non-Extended Leader,[],0,"{'market_cap_inr': 497761153833.0, 'relative_volume': 1.121176360893287, 'gap_percent': 0.8634898767497333, 'eps_growth_percent': 302.98243270322615, 'revenue_growth_percent': 89.50660575079354, 'fcf_growth_percent': 0.0}","['Top-decile blended 1/3/6-month momentum with price > 50 DMA > 200 DMA', 'Extension is 2.5 ATR multiples, inside the configured limit']"
FINCABLES,Finolex Cables Ltd.,Industrials,Capital Goods,Industrial Products,Cables - Electricals,1467.3,0.582670688236897,0.4380861113012502,15.272213056799423,40.00954198473281,73.01025822426598,78.78640185207747,1407.875,1265.861,1211.7761538461539,1010.225,True,True,True,True,4.012715288528008,4.692967044031564,3.965693909550192,23.68920815787301,2.7221798242938187,1138094166.75,1498.0,700.8,96.1490215755143,-2.0493991989319116,60.709739552208084,96,False,False,False,False,47.02549624856273,True,True,False,False,False,False,False,False,False,False,Non-Extended Leader,[],0,"{'market_cap_inr': 226931409528.0, 'relative_volume': 1.288353914599634, 'gap_percent': 0.9302325581395318, 'eps_growth_percent': 53.14210476817456, 'revenue_growth_percent': 44.25805434533364, 'fcf_growth_percent': 0.0}","['Top-decile blended 1/3/6-month momentum with price > 50 DMA > 200 DMA', 'Extension is 4.0 ATR multiples, inside the configured limit']"
LAURUSLABS,Laurus Labs Ltd.,Healthcare,Healthcare,Pharmaceuticals & Biotechnology,Pharmaceuticals,1971.4,-0.63508064516129,-1.9545431939125613,7.141304347826094,34.18186768309284,81.91381378610316,128.06571031929664,1975.0849999999998,1894.23,1816.5707692307694,1372.8432500000001,False,True,True,True,2.3036565747329694,2.3397544877466667,1.768471454321364,10.339829280077307,1.453727556786671,2930048046.6800003,2055.3,843.0,93.07927080755589,-4.082129129567469,75.488043879169,97,False,False,False,False,46.51450529048028,True,True,True,False,True,False,False,False,False,False,Tight Leader,[],0,"{'market_cap_inr': 1110341560364.0, 'relative_volume': 0.8991843537918636, 'gap_percent': 0.107170693686663, 'eps_growth_percent': 125.16556291390728, 'revenue_growth_percent': 29.09968972393713, 'fcf_growth_percent': 0.0}","['Top-decile blended 1/3/6-month momentum with price > 50 DMA > 200 DMA', 'Extension is 1.8 ATR multiples, inside the configured limit', '20-session range and daily volatility meet tight-setup limits']"
RRKABEL,R R Kabel Ltd.,Industrials,Capital Goods,Industrial Products,Cables - Electricals,2648.0,5.154475418950044,7.651028538905602,7.90105912957666,20.996116061229152,91.02582599913431,111.31593647753574,2468.9549899999997,2631.983994,2563.493836923077,1964.5644975,True,True,True,True,3.002535066896849,2.9265047863088656,0.202666930865919,13.447564310742678,1.8328036851544687,739251579.25,2983.8,1218.9,80.97342625644511,-11.254105503049805,70.01424070234674,97,True,False,False,False,45.73423580347809,True,True,True,False,False,False,False,True,False,False,Tight Leader,['strongest_small_mid'],1,"{'market_cap_inr': 307963679702.0, 'relative_volume': 0.7210583773123423, 'gap_percent': -0.7897153351698806, 'eps_growth_percent': 128.55415160180902, 'revenue_growth_percent': 53.90147177451282, 'fcf_growth_percent': 0.0}","['Top-decile blended 1/3/6-month momentum with price > 50 DMA > 200 DMA', 'Extension is 0.2 ATR multiples, inside the configured limit', '20-session range and daily volatility meet tight-setup limits']"
AZAD,Azad Engineering Ltd.,Industrials,Capital Goods,Electrical Equipment,Heavy Electrical Equipment,2927.2,2.317456126304873,7.491186839012931,5.39732834047455,31.299907208213295,74.97758383645166,69.35894468872945,2784.559995,2703.4279960000003,2627.2584646153846,2069.6535034999997,True,True,True,True,4.33300399211338,4.4000520110905486,1.9103012292599695,22.42269667318981,3.0771779689184897,1129166669.0149999,3127.8999,1360.0,88.64755295251727,-6.416442546642875,54.81305868528077,95,False,False,False,False,42.29533314257395,True,True,False,False,False,False,False,False,False,False,Non-Extended Leader,[],0,"{'market_cap_inr': 196680460989.0, 'relative_volume': 0.36825374964905844, 'gap_percent': 0.09185748966603839, 'eps_growth_percent': 20.282516570683473, 'revenue_growth_percent': 25.9001254631926, 'fcf_growth_percent': 0.0}","['Top-decile blended 1/3/6-month momentum with price > 50 DMA > 200 DMA', 'Extension is 1.9 ATR multiples, inside the configured limit']"
APARINDS,Apar Industries Ltd.,Industrials,Capital Goods,Electrical Equipment,Other Electrical Equipment,18102.0,2.5725294650951858,4.860105427793537,3.909075254003791,34.6574425351484,68.12482585678461,115.20537359567258,17709.55,16970.92,16255.492307692308,12765.1625,True,True,True,True,4.437157693703932,4.3489696450384985,1.5020454477064815,20.2934748673119,2.7019002159637497,2016470695.0,19265.0,6801.0,90.6691270860077,-6.036854399169478,67.12730583222677,96,False,False,False,False,40.357304043516734,True,True,False,False,False,False,False,False,False,False,Non-Extended Leader,[],0,"{'market_cap_inr': 760862241829.0, 'relative_volume': 0.8446872487361142, 'gap_percent': 0.7488986784140969, 'eps_growth_percent': 77.42774124483866, 'revenue_growth_percent': 29.131140089652373, 'fcf_growth_percent': 0.0}","['Top-decile blended 1/3/6-month momentum with price > 50 DMA > 200 DMA', 'Extension is 1.5 ATR multiples, inside the configured limit']"
MTARTECH,MTAR Technologies Ltd.,Industrials,Capital Goods,Electrical Equipment,Other Electrical Equipment,7654.0,-1.8340387328459662,8.221986567691776,6.88451333612623,12.12187797553652,84.05675123241554,295.33081968906566,7310.15,6975.77,6823.515384615384,5483.347502500001,True,True,True,True,4.278808466161484,4.108589532235338,2.2722807880236515,24.037878787878796,2.9458172293980622,673273163.0,8714.0,1866.2,84.52057595140045,-12.164333256828098,120.75694184534936,98,False,False,False,False,39.58648611843556,True,True,False,False,False,False,False,False,False,False,Non-Extended Leader,[],0,"{'market_cap_inr': 241813453987.0, 'relative_volume': 0.6914974631963725, 'gap_percent': -0.6357683260219976, 'eps_growth_percent': 364.50943020510346, 'revenue_growth_percent': 130.36900321871968, 'fcf_growth_percent': 0.0}","['Top-decile blended 1/3/6-month momentum with price > 50 DMA > 200 DMA', 'Extension is 2.3 ATR multiples, inside the configured limit']"
DIVISLAB,Divi's Laboratories Ltd.,Healthcare,Healthcare,Pharmaceuticals & Biotechnology,Pharmaceuticals,9196.0,-0.5730349226943487,-3.706806282722508,1.0549450549450556,36.13619541080681,56.341380482828974,61.0507880910683,9388.7,8923.66,8512.676923076922,7086.37,False,True,True,True,1.942614801466476,1.9515982280164756,1.5710200393701912,9.156113414770829,1.2193799901775748,4512153594.5,9740.0,5647.5,86.70739156994503,-5.585215605749482,47.28746525771457,94,False,False,False,False,35.44795685065024,True,True,True,False,True,False,False,False,False,False,Tight Leader,[],0,"{'market_cap_inr': 2543188870850.0, 'relative_volume': 0.874435291254163, 'gap_percent': 0.0, 'eps_growth_percent': 65.50509749290053, 'revenue_growth_percent': 27.800829875518673, 'fcf_growth_percent': 0.0}","['Top-decile blended 1/3/6-month momentum with price > 50 DMA > 200 DMA', 'Extension is 1.6 ATR multiples, inside the configured limit', '20-session range and daily volatility meet tight-setup limits']"
PAYTM,One 97 Communications Ltd.,Financial Services,Financial Services,Financial Technology (Fintech),Financial Technology (Fintech),1684.0,1.6908212560386549,2.9465704853894215,1.476348297680019,37.64917443191105,53.37674757502617,44.17808219178083,1735.5049999999999,1628.99,1555.5846153846153,1279.236,False,True,True,True,3.475992534781134,3.377086801525364,0.9715035493213766,14.226791430682084,2.6637498189126934,5860957013.5,1855.5,930.6,81.45745485998486,-9.242791700350306,41.7777188572738,93,False,False,False,False,34.896997155599344,True,True,True,False,True,False,False,False,False,False,Tight Leader,[],0,"{'market_cap_inr': 1112547904541.0, 'relative_volume': 5.309266330708846, 'gap_percent': -3.521939953810624, 'eps_growth_percent': 79.8941798941799, 'revenue_growth_percent': 27.66623207301173, 'fcf_growth_percent': 0.0}","['Top-decile blended 1/3/6-month momentum with price > 50 DMA > 200 DMA', 'Extension is 1.0 ATR multiples, inside the configured limit', '20-session range and daily volatility meet tight-setup limits']"
ENGINERSIN,Engineers India Ltd.,Industrials,Construction,Construction,Civil Construction,307.85,-1.5667466027178167,-1.9273654029945742,10.162819824655589,30.949848994002306,47.58617383383672,52.96134353572495,289.44,263.7574,256.2493846153846,229.22375,True,True,True,True,4.192672683820967,3.9568332453991735,3.98721905827878,26.735015772870653,2.771997860682718,892134264.1949999,321.4,163.55,91.41590117199875,-4.215930304915982,42.30366450766935,94,False,False,False,False,32.40762163759939,True,True,False,False,False,False,False,False,False,False,Non-Extended Leader,[],0,"{'market_cap_inr': 173249556976.0, 'relative_volume': 1.909985857453925, 'gap_percent': -0.1621796951021732, 'eps_growth_percent': 141.4919216225507, 'revenue_growth_percent': -5.804166164479417, 'fcf_growth_percent': 0.0}","['Top-decile blended 1/3/6-month momentum with price > 50 DMA > 200 DMA', 'Extension is 4.0 ATR multiples, inside the configured limit']"
GLAND,Gland Pharma Ltd.,Healthcare,Healthcare,Pharmaceuticals & Biotechnology,Pharmaceuticals,2911.5,1.2907076708428722,0.5352209944751385,-0.7127233908308273,16.655982049843733,66.4570350465954,46.92672587807834,2919.78998,2834.183994,2748.647689230769,2172.554,False,True,True,True,2.659158509359436,2.6419609079098194,1.025881372512251,8.648474740312096,1.6642073005410003,1017622304.1600001,3042.0,1573.6,91.11277581040589,-4.289940828402372,40.94973935584036,93,False,False,False,False,32.23422688837576,True,True,True,False,True,False,False,False,False,False,Tight Leader,[],0,"{'market_cap_inr': 520105985540.0, 'relative_volume': 1.0921301332975621, 'gap_percent': 0.36183584079223297, 'eps_growth_percent': 46.955378169251, 'revenue_growth_percent': 19.569918611709976, 'fcf_growth_percent': 0.0}","['Top-decile blended 1/3/6-month momentum with price > 50 DMA > 200 DMA', 'Extension is 1.0 ATR multiples, inside the configured limit', '20-session range and daily volatility meet tight-setup limits']"
INOXINDIA,INOX India Ltd.,Industrials,Capital Goods,Industrial Products,Other Industrial Products,2089.1001,-3.6526264815754272,1.8526643336422177,-7.060232227066465,11.365216695985936,70.69205817468746,80.06379072573695,2124.440005,2045.579994,2027.2030723076923,1575.8659985,False,True,True,True,4.278671403607163,4.612083648646875,0.49723826496067935,21.167391754713073,3.8802488603150787,516031849.57500005,2339.5,1068.2,80.30363407535594,-10.703137422526176,49.88654808466577,95,False,False,False,False,30.489591056703446,True,True,False,False,True,False,False,False,False,False,Non-Extended Leader,[],0,"{'market_cap_inr': 189182363208.0, 'relative_volume': 0.5129219790963929, 'gap_percent': -0.009606147934669457, 'eps_growth_percent': -4.918032786885247, 'revenue_growth_percent': 9.176546450565256, 'fcf_growth_percent': 0.0}","['Top-decile blended 1/3/6-month momentum with price > 50 DMA > 200 DMA', 'Extension is 0.5 ATR multiples, inside the configured limit']"
SAILIFE,Sai Life Sciences Ltd.,Healthcare,Healthcare,Pharmaceuticals & Biotechnology,Pharmaceuticals,1511.3,-1.9400467168440239,-4.5173110942633325,-4.607713185634033,25.076553835967896,54.51385338922399,71.23272150464534,1578.825,1495.362,1440.7969230769231,1156.85025,False,True,True,True,2.9969468102201517,3.1106792150960416,0.3556382357484344,13.65615163083518,2.0044981463546496,676825651.165,1697.0,783.85,79.66380112796364,-10.942840306423108,46.1794780239096,94,False,True,False,False,29.43040690186985,True,True,True,False,True,False,False,False,False,False,Tight Leader,[],0,"{'market_cap_inr': 331074474431.0, 'relative_volume': 1.2650389791436845, 'gap_percent': 0.1024458957613098, 'eps_growth_percent': 20.84805653710247, 'revenue_growth_percent': 11.656685179253817, 'fcf_growth_percent': 0.0}","['Top-decile blended 1/3/6-month momentum with price > 50 DMA > 200 DMA', 'Extension is 0.4 ATR multiples, inside the configured limit', '20-session range and daily volatility meet tight-setup limits']"
ACMESOLAR,ACME Solar Holdings Ltd.,Utilities,Power,Power,Power Generation,427.65,-1.1328170153739547,-2.340717058689201,2.308612440191382,17.084188911704313,56.590992310508945,49.39737991266375,428.36,401.691,395.5092307692307,312.49865,False,True,True,True,4.4286883466118825,4.069444523672647,1.459219879808008,22.407597535934286,2.2661547175330554,512931843.12,476.9,195.9,82.47330960854092,-10.327112602222687,39.29137483550853,92,False,False,False,False,29.193016153347934,True,True,False,False,True,False,False,False,False,False,Non-Extended Leader,[],0,"{'market_cap_inr': 308338590770.0, 'relative_volume': 0.7119536042394764, 'gap_percent': 0.05731972945087699, 'eps_growth_percent': 71.49532710280373, 'revenue_growth_percent': 67.81347361169821, 'fcf_growth_percent': 0.0}","['Top-decile blended 1/3/6-month momentum with price > 50 DMA > 200 DMA', 'Extension is 1.5 ATR multiples, inside the configured limit']"
CARBORUNIV,Carborundum Universal Ltd.,Industrials,Capital Goods,Industrial Products,Abrasives & Bearings,1267.6,2.250544486569317,-0.8525615956198718,17.58812615955472,14.600849832745677,47.275473451841506,37.08970961985616,1163.19,1129.226,1118.4646153846154,981.164,True,True,True,True,4.939029887751884,4.5245551201198335,2.4810297507425716,34.45634024162656,2.718078403687296,314398520.73,1368.9,735.2,84.01451791068327,-7.400102271897158,34.47551037823086,90,False,False,False,False,28.41751836208627,True,True,False,False,False,False,False,False,False,False,Non-Extended Leader,[],0,"{'market_cap_inr': 238769921334.0, 'relative_volume': 0.2607216563276932, 'gap_percent': 0.5808864486353111, 'eps_growth_percent': 23.399280022153164, 'revenue_growth_percent': 17.030893668684683, 'fcf_growth_percent': 0.0}","['Top-decile blended 1/3/6-month momentum with price > 50 DMA > 200 DMA', 'Extension is 2.5 ATR multiples, inside the configured limit']"
ACE,Action Construction Equipment Ltd.,Industrials,Capital Goods,Agricultural Commercial & Construction Vehicles,Construction Vehicles,1227.5,1.2538150622783073,1.2037266056558638,9.072329838279725,26.716217611231553,41.76820465438587,13.995170876671615,1192.03,1147.138,1113.0753846153846,965.4019999999999,True,True,True,True,3.258073901658423,3.2248729482218095,2.1501766398092865,16.74799742196853,1.434551398308557,336916772.0,1268.0,745.1,92.25473321858864,-3.1940063091482673,27.646440612469025,87,False,False,False,False,28.326040485255323,True,True,False,False,False,False,False,False,False,False,Non-Extended Leader,[],0,"{'market_cap_inr': 148848038210.0, 'relative_volume': 1.4512374273757531, 'gap_percent': 0.0, 'eps_growth_percent': 22.260920394071864, 'revenue_growth_percent': 20.48828364617838, 'fcf_growth_percent': 0.0}","['Top-decile blended 1/3/6-month momentum with price > 50 DMA > 200 DMA', 'Extension is 2.2 ATR multiples, inside the configured limit']"
GRAPHITE,Graphite India Ltd.,Industrials,Capital Goods,Industrial Products,Electrodes & Refractories,816.4,3.847866183298354,2.177722152690853,11.286804798255169,40.91654440321049,27.89222213519229,47.05935332792939,806.89,747.163,720.0384615384615,681.5755,True,True,True,True,3.5206831385175352,4.32004426205218,2.6320609647431623,22.629733520336615,4.066146468674921,1267606738.825,874.35,516.2,83.81962864721484,-6.627780637044667,37.285153534079335,92,False,False,False,False,28.29938059476438,True,True,False,False,False,False,False,False,False,False,Non-Extended Leader,[],0,"{'market_cap_inr': 163099544398.0, 'relative_volume': 0.7382233757966737, 'gap_percent': -0.47359271026916033, 'eps_growth_percent': 28.358557139941087, 'revenue_growth_percent': 26.61654135338346, 'fcf_growth_percent': 0.0}","['Top-decile blended 1/3/6-month momentum with price > 50 DMA > 200 DMA', 'Extension is 2.6 ATR multiples, inside the configured limit']"
AEGISVOPAK,Aegis Vopak Terminals Ltd.,Energy,Oil Gas & Consumable Fuels,Oil,Oil Storage & Transportation,297.55,2.338779019776438,-0.3349522693016249,4.586994727592275,7.5702252268536885,58.845825325645976,4.9929428369795525,298.135,286.6966,286.56830769230766,235.9196,False,True,True,True,4.729097150538926,4.47645371068384,0.8005068096696559,14.52274754683318,2.472292501973817,515029605.97,320.95,158.0,85.6397667996318,-7.290855273407071,24.609760039241856,84,False,False,False,False,27.33465764155525,True,True,True,False,True,False,False,False,False,False,Tight Leader,[],0,"{'market_cap_inr': 326912865296.0, 'relative_volume': 0.8219727751998774, 'gap_percent': 0.23789294817331813, 'eps_growth_percent': -6.957878315132601, 'revenue_growth_percent': 12.397614482346132, 'fcf_growth_percent': 0.0}","['Top-decile blended 1/3/6-month momentum with price > 50 DMA > 200 DMA', 'Extension is 0.8 ATR multiples, inside the configured limit', '20-session range and daily volatility meet tight-setup limits']"
COFORGE,Coforge Ltd.,Information Technology,Information Technology,IT - Software,Computers - Software & Consulting,1852.0,1.4238773274917849,4.455724760293278,-6.12327656123276,28.08631302303064,46.414736342793894,14.809993180831938,1810.735,1830.924,1754.68,1517.1429999999998,True,True,True,True,3.0071737118173423,3.0770179784804252,0.38278891803004356,13.826441467676176,2.1278070973883816,3416248883.0,2021.2,1008.1,83.2987859046491,-8.37126459528993,27.348029703262434,86,False,False,False,False,26.86528495487009,True,True,True,False,False,False,False,False,False,False,Tight Leader,[],0,"{'market_cap_inr': 810649901733.0, 'relative_volume': 0.9434802664329631, 'gap_percent': 0.20853912852595516, 'eps_growth_percent': 30.91684434968015, 'revenue_growth_percent': 49.219846668826264, 'fcf_growth_percent': 0.0}","['Top-decile blended 1/3/6-month momentum with price > 50 DMA > 200 DMA', 'Extension is 0.4 ATR multiples, inside the configured limit', '20-session range and daily volatility meet tight-setup limits']"
BHEL,Bharat Heavy Electricals Ltd.,Industrials,Capital Goods,Electrical Equipment,Heavy Electrical Equipment,429.0,1.9002375296912177,4.151493080844881,-0.4871259568545616,13.552143991529908,54.761904761904766,75.08774793894375,423.4125,420.17400000000004,417.20384615384614,350.1587,True,True,True,True,2.700632700632698,2.635882572383451,0.7778023052242963,9.264778936910067,1.890344829694135,2846527630.6,446.5,229.54,91.9339970501475,-3.919372900335949,45.14738698921078,94,False,False,False,False,26.526230812583734,True,True,True,False,False,False,False,False,True,False,Tight Leader,[],0,"{'market_cap_inr': 1563098163781.0, 'relative_volume': 1.306098271937175, 'gap_percent': 0.06688963210702595, 'eps_growth_percent': 0.0, 'revenue_growth_percent': 40.292441465232706, 'fcf_growth_percent': 0.0}","['Top-decile blended 1/3/6-month momentum with price > 50 DMA > 200 DMA', 'Extension is 0.8 ATR multiples, inside the configured limit', '20-session range and daily volatility meet tight-setup limits']"
CARTRADE,Cartrade Tech Ltd.,Consumer Discretionary,Consumer Services,Retailing,E-Retail/ E-Commerce,2935.3999,4.5891753513441325,1.9200652088446457,-2.1598593427104795,5.745884424722947,61.623163748485844,17.51941308351348,2965.735005,2928.1880060000003,2894.561535384615,2383.1459975,False,True,True,True,4.018678778899694,3.9015217060559095,0.061286819475717236,17.734871158478715,2.433841544891254,787410958.87,3290.5,1600.0,78.99437444543034,-10.791676037076437,27.732789328975898,87,False,False,False,False,26.12036021236975,True,True,False,False,True,False,False,False,True,False,Non-Extended Leader,[],0,"{'market_cap_inr': 141802338586.0, 'relative_volume': 0.6574294638837824, 'gap_percent': 0.10978831440629476, 'eps_growth_percent': 22.434367541766097, 'revenue_growth_percent': 16.2526287320193, 'fcf_growth_percent': 0.0}","['Top-decile blended 1/3/6-month momentum with price > 50 DMA > 200 DMA', 'Extension is 0.1 ATR multiples, inside the configured limit']"
PTCIL,PTC Industries Ltd.,Industrials,Capital Goods,Industrial Products,Castings & Forgings,22530.0,2.2928490351872943,3.301237964236581,-5.415617128463479,29.415819403756682,42.54080728837151,45.092735703245744,22591.25,20995.14,20222.753846153846,18263.245,False,True,True,True,3.455709847187877,3.5454254131577594,2.1154985042278858,11.971176197117629,2.3063561067806773,394374950.0,24125.0,14499.0,83.43029295657594,-6.611398963730575,35.709199253756765,92,False,False,False,False,25.957955424547574,True,True,True,False,True,False,False,False,False,False,Tight Leader,[],0,"{'market_cap_inr': 370558826461.0, 'relative_volume': 1.2837769964841788, 'gap_percent': 0.0, 'eps_growth_percent': 465.5825849391112, 'revenue_growth_percent': 97.43160573279683, 'fcf_growth_percent': 0.0}","['Top-decile blended 1/3/6-month momentum with price > 50 DMA > 200 DMA', 'Extension is 2.1 ATR multiples, inside the configured limit', '20-session range and daily volatility meet tight-setup limits']"
CYIENT,Cyient Ltd.,Information Technology,Information Technology,IT - Services,IT Enabled Services,1140.2,3.2228861126199604,4.156389878505529,2.6005579051561423,34.44169319655701,32.697119581029966,-0.8004176091874093,1079.0149999999999,991.8489999999999,958.4684615384615,959.8805,True,True,True,True,4.164682887713937,3.8068338517835776,3.5913933976443686,13.898864408424739,1.8871178183043664,360261147.66999996,1222.0,750.3,82.65846936612255,-6.693944353518821,21.447041651067376,82,True,False,False,False,25.78357992749598,True,True,True,False,False,False,False,True,False,False,Tight Leader,[],0,"{'market_cap_inr': 116775008259.0, 'relative_volume': 0.6120317266134475, 'gap_percent': 0.5112107623318427, 'eps_growth_percent': -32.3953823953824, 'revenue_growth_percent': 21.25832457062741, 'fcf_growth_percent': 0.0}","['Top-decile blended 1/3/6-month momentum with price > 50 DMA > 200 DMA', 'Extension is 3.6 ATR multiples, inside the configured limit', '20-session range and daily volatility meet tight-setup limits']"
ABDL,Allied Blenders and Distillers Ltd.,Fast Moving Consumer Goods,Fast Moving Consumer Goods,Beverages,Breweries & Distilleries,696.75,2.546177054970933,-3.6906489736678427,14.230674645462727,3.25281564908122,52.41168106748333,31.437464629315226,662.8625,633.66,633.5769230769231,564.164,True,True,True,True,4.021220974934644,3.8074921481982904,2.4759752275906743,28.51419316341317,2.538468786303664,343248135.475,753.8,382.1,84.65160075329567,-7.568320509418935,30.980072892731215,89,False,False,False,False,25.66082656553744,True,True,False,False,False,False,False,False,False,False,Non-Extended Leader,[],0,"{'market_cap_inr': 194258695038.0, 'relative_volume': 0.466606675633852, 'gap_percent': 0.7994238386748225, 'eps_growth_percent': -12.981553830176548, 'revenue_growth_percent': 6.076754544939346, 'fcf_growth_percent': 0.0}","['Top-decile blended 1/3/6-month momentum with price > 50 DMA > 200 DMA', 'Extension is 2.5 ATR multiples, inside the configured limit']"
BBOX,Black Box Ltd.,Information Technology,Information Technology,IT - Services,IT Enabled Services,812.5,2.092102783187788,3.747685628551367,14.075114075114081,-12.793817752495439,66.49590163934427,45.3878500492082,790.42,767.938,788.3884615384616,707.2825,True,True,True,True,4.352967032967033,4.868341417381489,1.3330705613542095,17.535414660981985,3.037766847782272,458641480.755,1103.0,444.3,55.89798087141339,-26.33726201269265,35.35546225431092,91,False,False,False,False,25.639302961142825,True,True,False,False,False,False,False,False,False,False,Non-Extended Leader,[],0,"{'market_cap_inr': 157157534104.0, 'relative_volume': 1.9524322700380476, 'gap_percent': 1.8251681075888544, 'eps_growth_percent': 12.903225806451607, 'revenue_growth_percent': 23.923734802486408, 'fcf_growth_percent': 0.0}","['Top-decile blended 1/3/6-month momentum with price > 50 DMA > 200 DMA', 'Extension is 1.3 ATR multiples, inside the configured limit']"
CHENNPETRO,Chennai Petroleum Corporation Ltd.,Energy,Oil Gas & Consumable Fuels,Petroleum Products,Refineries & Marketing,1401.0,4.055258467023171,-0.504225552162485,-3.5256851673323264,26.22758807099739,42.472161488788316,79.52332137365454,1443.66,1387.606,1341.2184615384615,1101.3522500000001,False,True,True,True,4.580401753849291,5.076828118639002,0.2107368835425426,26.59421930420347,3.4979098309520857,2219685185.675,1677.5,716.8,71.21890288331426,-16.482861400894187,45.50421317598429,94,False,False,False,False,25.28709912853133,True,True,False,False,True,False,False,False,False,False,Non-Extended Leader,[],0,"{'market_cap_inr': 240000483557.0, 'relative_volume': 1.7311952213689397, 'gap_percent': -0.4527693357315608, 'eps_growth_percent': 0.0, 'revenue_growth_percent': 84.77481108516407, 'fcf_growth_percent': 0.0}","['Top-decile blended 1/3/6-month momentum with price > 50 DMA > 200 DMA', 'Extension is 0.2 ATR multiples, inside the configured limit']"
AETHER,Aether Industries Ltd.,Commodities,Chemicals,Chemicals & Petrochemicals,Specialty Chemicals,1661.0,-0.5389221556886259,-4.49632014719411,2.177657480314976,17.51804160181123,46.49850061739285,119.50574864543411,1660.845,1629.9579999999999,1588.9,1244.6580000000001,True,True,True,True,3.210200395630862,3.5574333033088417,0.5932546306587699,15.798286855155542,2.400277534536059,294043812.75,1798.0,728.0,87.19626168224299,-7.619577308120129,57.38495787595007,95,False,False,False,False,25.275129177669818,True,True,False,False,False,False,False,False,False,False,Non-Extended Leader,[],0,"{'market_cap_inr': 237251021576.0, 'relative_volume': 0.3721552787822575, 'gap_percent': 0.0, 'eps_growth_percent': 33.741585110595686, 'revenue_growth_percent': 27.248674156077453, 'fcf_growth_percent': 0.0}","['Top-decile blended 1/3/6-month momentum with price > 50 DMA > 200 DMA', 'Extension is 0.6 ATR multiples, inside the configured limit']"
WOCKPHARMA,Wockhardt Ltd.,Healthcare,Healthcare,Pharmaceuticals & Biotechnology,Pharmaceuticals,2063.5,-0.9789289783064814,-5.672887837224005,-1.2064920764111586,13.09947930939983,50.65342775790318,41.33561643835617,2164.065,2026.9520000000002,1989.0661538461538,1668.9464985,False,True,True,True,4.3663671293571955,3.9827679051275076,0.41295231299651547,19.96136837289686,2.675209459470841,1750577611.255,2422.3,1086.7,73.13566936208444,-14.81236841018867,33.568133349368026,90,False,False,False,False,24.544565842348426,True,True,False,False,True,False,False,False,False,False,Non-Extended Leader,[],0,"{'market_cap_inr': 349140858192.0, 'relative_volume': 0.6964558715044089, 'gap_percent': 0.0, 'eps_growth_percent': 0.0, 'revenue_growth_percent': 25.880758807588077, 'fcf_growth_percent': 0.0}","['Top-decile blended 1/3/6-month momentum with price > 50 DMA > 200 DMA', 'Extension is 0.4 ATR multiples, inside the configured limit']"
JYOTICNC,Jyoti CNC Automation Ltd.,Industrials,Capital Goods,Industrial Manufacturing,Industrial Products,1029.6,-0.24222459064043855,-1.577287066246058,2.560015937842408,36.61513965368539,27.425742574257406,11.809741000162877,1032.775,958.513,919.4115384615385,828.5755,False,True,True,True,4.504176379176377,4.0909231529720715,1.6465570790366435,22.18393280206761,2.5833246189710977,677474115.99,1134.6,580.1,81.06402164111812,-9.25436277102063,24.185956451025728,84,False,False,False,False,24.42559989295345,True,True,False,False,True,False,False,False,False,False,Non-Extended Leader,[],0,"{'market_cap_inr': 243524661984.0, 'relative_volume': 2.371496225965053, 'gap_percent': -0.16806722689075207, 'eps_growth_percent': -19.994268246083298, 'revenue_growth_percent': 23.965672769827144, 'fcf_growth_percent': 0.0}","['Top-decile blended 1/3/6-month momentum with price > 50 DMA > 200 DMA', 'Extension is 1.6 ATR multiples, inside the configured limit']"
LENSKART,Lenskart Solutions Ltd.,Consumer Discretionary,Consumer Services,Retailing,Speciality Retail,692.75,0.2314982275916977,5.731074481074483,1.1461527230252733,29.111918740098798,34.671461897356146,0.0,685.15,644.549,621.7976923076923,535.1655000000001,True,True,True,True,3.3005103882043647,2.9295823335075957,2.2657866074320783,11.830942464908233,1.7851414004802515,3498581792.24,725.0,356.1,91.25779343995663,-4.448275862068963,20.72886523728727,81,False,False,False,False,24.344294498733355,True,True,True,False,False,False,False,False,False,False,Tight Leader,[],0,"{'market_cap_inr': 1184989260360.0, 'relative_volume': 1.2436323792861907, 'gap_percent': 0.528401585204759, 'eps_growth_percent': 268.02760207015524, 'revenue_growth_percent': 43.26970025680209, 'fcf_growth_percent': 0.0}","['Top-decile blended 1/3/6-month momentum with price > 50 DMA > 200 DMA', 'Extension is 2.3 ATR multiples, inside the configured limit', '20-session range and daily volatility meet tight-setup limits']"
LALPATHLAB,Dr. Lal Path Labs Ltd.,Healthcare,Healthcare,Healthcare Services,Healthcare Service Provider,1971.3,-1.6857014612737475,0.9732110843620356,2.3945564097236582,17.283436458829126,42.99289133903961,24.423265061381638,1930.825,1916.068,1866.9676923076922,1600.586,True,True,True,True,3.5658122631186084,3.1742494794507,0.8083908285029596,9.308310991957104,0.9954654975111071,471898119.07500005,2038.6,1272.6,91.21409921671018,-3.3012851957225475,27.78241357089414,87,False,False,False,False,23.844998398636953,True,True,True,False,False,False,False,False,False,False,Tight Leader,[],0,"{'market_cap_inr': 326541470732.0, 'relative_volume': 0.761524269549895, 'gap_percent': 0.0, 'eps_growth_percent': 27.823343848580457, 'revenue_growth_percent': 19.09525231412362, 'fcf_growth_percent': 0.0}","['Top-decile blended 1/3/6-month momentum with price > 50 DMA > 200 DMA', 'Extension is 0.8 ATR multiples, inside the configured limit', '20-session range and daily volatility meet tight-setup limits']"
