symbol,company_name,macro_sector,sector,industry,basic_industry,close,daily_change_percent,return_1_month_percent,return_3_month_percent,return_6_month_percent,sma_20,sma_50,sma_200,above_sma_20,above_sma_50,above_sma_200,atr_percent,extension_atr_multiples,range_20_day_percent,volatility_20_day_percent,median_traded_value_inr,new_20_day_high,new_20_day_low,new_52_week_high,new_52_week_low,momentum_score,momentum_leader,non_extended_leader,tight_setup,emerging_leader,weakening_leader,reasons
CUPID,Cupid Ltd.,Fast Moving Consumer Goods,Fast Moving Consumer Goods,Personal Products,Personal Care,324.2,4.54692034827473,15.394198255917413,54.373601257082996,245.8871225861517,283.44,275.9002,159.3399,True,True,True,4.9572574248700105,3.53144010833547,32.093495934959336,3.6853850715172927,6060252832.965,True,False,True,False,121.23415903841908,True,True,False,False,False,"['Top-decile blended 1/3/6-month momentum with price > 50 DMA > 200 DMA', 'Extension is 3.5 ATR multiples, inside the configured limit']"
WELCORP,Welspun Corp Ltd.,Industrials,Capital Goods,Industrial Products,Iron & Steel Products,2660.8999,6.542538538538545,2.4250356990275,66.10898932517632,176.65833853191933,2659.055,2324.442002,1404.7250005,True,True,True,5.512366860764447,2.6258741011899343,29.452727435050452,4.487820037665686,4899148797.48,False,False,False,False,94.40774060133633,True,True,False,False,False,"['Top-decile blended 1/3/6-month momentum with price > 50 DMA > 200 DMA', 'Extension is 2.6 ATR multiples, inside the configured limit']"
HFCL,HFCL Ltd.,Telecommunication,Telecommunication,Telecom - Services,Telecom - Infrastructure,250.27,4.9966437321698365,8.136017974421028,16.54559001583309,214.37005401331493,225.39050000000003,222.8244,145.0463,True,True,True,4.022227422954638,3.062269163496172,28.22110552763819,3.3207265483400072,1301077401.03,False,False,False,False,93.57298260447281,True,True,False,False,False,"['Top-decile blended 1/3/6-month momentum with price > 50 DMA > 200 DMA', 'Extension is 3.1 ATR multiples, inside the configured limit']"
AEGISLOG,Aegis Logistics Ltd.,Energy,Oil Gas & Consumable Fuels,Gas,Trading - Gas,1395.9,2.677454946671576,11.342426417803297,10.426390317221745,120.71309984979051,1371.3899999999999,1334.4360000000001,939.2327499999999,True,True,True,4.6503535865238,0.9904603509974703,20.50291660097747,3.3337277653539443,1195167526.12,False,False,False,False,54.770083155394644,True,True,False,False,False,"['Top-decile blended 1/3/6-month momentum with price > 50 DMA > 200 DMA', 'Extension is 1.0 ATR multiples, inside the configured limit']"
TDPOWERSYS,TD Power Systems Ltd.,Industrials,Capital Goods,Electrical Equipment,Heavy Electrical Equipment,812.9,2.6194533863535874,9.83650857992162,50.537037037037024,85.27635327635328,762.4575,718.443,549.12475,True,True,True,4.585874206983815,2.8669471871219603,25.897058823529417,3.9549206977696554,1544460564.285,True,False,True,False,54.25763141848468,True,True,False,False,False,"['Top-decile blended 1/3/6-month momentum with price > 50 DMA > 200 DMA', 'Extension is 2.9 ATR multiples, inside the configured limit']"
RRKABEL,R R Kabel Ltd.,Industrials,Capital Goods,Industrial Products,Cables - Electricals,2789.7,5.351208459214485,16.86564798853638,26.419540490324913,99.74939137906344,2486.01499,2636.239996,1971.0779975,True,True,True,2.9729254041653226,1.9580611396810057,19.93846679770961,2.071646321623568,739251579.25,True,False,False,False,53.36300772037319,True,True,False,False,False,"['Top-decile blended 1/3/6-month momentum with price > 50 DMA > 200 DMA', 'Extension is 2.0 ATR multiples, inside the configured limit']"
SANSERA,Sansera Engineering Ltd.,Consumer Discretionary,Automobile and Auto Components,Auto Components,Auto Components & Equipments,4291.2998,0.34372397830697565,13.4484134339234,38.576542771337245,90.58044144424213,4281.589995,3962.316006,2806.4470039999997,True,True,True,4.961866598753402,1.673325047876435,24.82894736842105,3.3079516809424714,1221072101.27,False,False,False,False,53.09606990614574,True,True,False,False,False,"['Top-decile blended 1/3/6-month momentum with price > 50 DMA > 200 DMA', 'Extension is 1.7 ATR multiples, inside the configured limit']"
REDINGTON,Redington Ltd.,Services,Services,Commercial Services & Supplies,Trading & Distributors,405.7,-1.7080557238037586,7.271285034373354,47.661510464058225,83.42526449046024,398.6475,368.526,278.4911,True,True,True,3.397126659389413,2.9693365338411106,13.011853448275868,2.192550941222759,1713036266.1,False,False,False,False,51.86945571719781,True,True,True,False,False,"['Top-decile blended 1/3/6-month momentum with price > 50 DMA > 200 DMA', 'Extension is 3.0 ATR multiples, inside the configured limit', '20-session range and daily volatility meet tight-setup limits']"
CPPLUS,Aditya Infotech Ltd.,Industrials,Capital Goods,Industrial Manufacturing,Industrial Products,3989.5,4.997891751818817,7.690436006844559,12.234847458649423,109.55457506040548,3721.355015,3623.59201,2624.9935035000003,True,True,True,4.035413496141657,2.5023298545575923,20.1294790725685,2.904219023060278,842198461.215,True,False,True,False,50.026635636400634,True,True,False,False,False,"['Top-decile blended 1/3/6-month momentum with price > 50 DMA > 200 DMA', 'Extension is 2.5 ATR multiples, inside the configured limit']"
LAURUSLABS,Laurus Labs Ltd.,Healthcare,Healthcare,Pharmaceuticals & Biotechnology,Pharmaceuticals,2050.0,3.9870143045551254,9.234294239889174,35.99575427889079,86.6436017662858,1980.2400000000002,1900.0520000000001,1377.86725,True,True,True,2.2850170731707333,3.4537089928091613,10.29246042393346,1.4839300278609784,2930048046.6800003,True,False,True,False,49.56452826409839,True,True,True,False,False,"['Top-decile blended 1/3/6-month momentum with price > 50 DMA > 200 DMA', 'Extension is 3.5 ATR multiples, inside the configured limit', '20-session range and daily volatility meet tight-setup limits']"
FINCABLES,Finolex Cables Ltd.,Industrials,Capital Goods,Industrial Products,Cables - Electricals,1467.3,0.582670688236897,15.272213056799423,40.00954198473281,73.01025822426598,1407.875,1265.861,1010.225,True,True,True,4.012715288528008,3.965693909550192,23.68920815787301,2.7221798242938187,1138094166.75,False,False,False,False,47.02549624856273,True,True,False,False,False,"['Top-decile blended 1/3/6-month momentum with price > 50 DMA > 200 DMA', 'Extension is 4.0 ATR multiples, inside the configured limit']"
SYRMA,Syrma SGS Technology Ltd.,Industrials,Capital Goods,Industrial Manufacturing,Industrial Products,1685.1,-0.899788285109393,3.076828969904577,16.939625260235935,94.00184204466957,1670.7099999999998,1543.746,1124.4415,True,True,True,4.674584806327733,1.9587960252759746,28.533145275035253,3.0870541586844915,1830898777.9050002,False,False,False,False,44.29881290142656,True,True,False,False,False,"['Top-decile blended 1/3/6-month momentum with price > 50 DMA > 200 DMA', 'Extension is 2.0 ATR multiples, inside the configured limit']"
AZAD,Azad Engineering Ltd.,Industrials,Capital Goods,Electrical Equipment,Heavy Electrical Equipment,3062.6001,4.6255841760043825,6.785219665271969,23.68644143263836,79.65625036663342,2796.584995,2716.6579960000004,2076.819504,True,True,True,4.193215011743032,3.0368358849101016,22.42269667318981,3.1970509113475774,1175912442.865,True,False,True,False,41.849059564394786,True,True,False,False,False,"['Top-decile blended 1/3/6-month momentum with price > 50 DMA > 200 DMA', 'Extension is 3.0 ATR multiples, inside the configured limit']"
APARINDS,Apar Industries Ltd.,Industrials,Capital Goods,Electrical Equipment,Other Electrical Equipment,18102.0,2.5725294650951858,3.909075254003791,34.6574425351484,68.12482585678461,17709.55,16970.92,12765.1625,True,True,True,4.437157693703932,1.5020454477064815,20.2934748673119,2.7019002159637497,2016470695.0,False,False,False,False,40.357304043516734,True,True,False,False,False,"['Top-decile blended 1/3/6-month momentum with price > 50 DMA > 200 DMA', 'Extension is 1.5 ATR multiples, inside the configured limit']"
MTARTECH,MTAR Technologies Ltd.,Industrials,Capital Goods,Electrical Equipment,Other Electrical Equipment,7718.5,0.8426966292134797,2.653278361484235,11.24162282914174,84.92741314521123,7306.1,7020.8,5510.243003,True,True,True,4.257859132510943,2.333946154124672,24.037878787878796,2.8345806417774533,673273163.0,False,False,False,False,38.56885283865516,True,True,False,False,False,"['Top-decile blended 1/3/6-month momentum with price > 50 DMA > 200 DMA', 'Extension is 2.3 ATR multiples, inside the configured limit']"
GLAND,Gland Pharma Ltd.,Healthcare,Healthcare,Pharmaceuticals & Biotechnology,Pharmaceuticals,3006.1001,3.2491877039326766,1.069162492014919,21.729099007896345,72.57592858373042,2922.129985,2845.739996,2179.2530005,True,True,True,2.5752383580687432,2.188183197727926,8.648474740312096,1.8122782269007363,1017622304.1600001,False,False,False,False,36.90284670925962,True,True,True,False,False,"['Top-decile blended 1/3/6-month momentum with price > 50 DMA > 200 DMA', 'Extension is 2.2 ATR multiples, inside the configured limit', '20-session range and daily volatility meet tight-setup limits']"
ACMESOLAR,ACME Solar Holdings Ltd.,Utilities,Power,Power,Power Generation,448.2,4.80533146264468,8.48360159748276,21.859706362153332,66.83417085427136,430.14,403.545,313.5761,True,True,True,4.424842226047045,2.500807902765628,22.407597535934286,2.475989457643444,491894099.71000004,False,False,False,False,36.505465967832905,True,True,False,False,False,"['Top-decile blended 1/3/6-month momentum with price > 50 DMA > 200 DMA', 'Extension is 2.5 ATR multiples, inside the configured limit']"
DIVISLAB,Divi's Laboratories Ltd.,Healthcare,Healthcare,Pharmaceuticals & Biotechnology,Pharmaceuticals,9196.0,-0.5730349226943487,1.0549450549450556,36.13619541080681,56.341380482828974,9388.7,8923.66,7086.37,False,True,True,1.942614801466476,1.5710200393701912,9.156113414770829,1.2193799901775748,4512153594.5,False,False,False,False,35.44795685065024,True,True,True,False,True,"['Top-decile blended 1/3/6-month momentum with price > 50 DMA > 200 DMA', 'Extension is 1.6 ATR multiples, inside the configured limit', '20-session range and daily volatility meet tight-setup limits']"
GRAPHITE,Graphite India Ltd.,Industrials,Capital Goods,Industrial Products,Electrodes & Refractories,851.2,4.262616364527205,18.70032073629899,46.51863327308718,33.26027397260274,812.7375,751.216,683.08575,True,True,True,3.3851369495166503,3.9317820421583836,15.517241379310342,4.124429255693399,1375710853.22,True,False,True,False,34.26071141869636,True,True,False,False,False,"['Top-decile blended 1/3/6-month momentum with price > 50 DMA > 200 DMA', 'Extension is 3.9 ATR multiples, inside the configured limit']"
PAYTM,One 97 Communications Ltd.,Financial Services,Financial Services,Financial Technology (Fintech),Financial Technology (Fintech),1694.0,0.5938242280284944,1.8028846153846256,34.135719376039276,50.73185923388355,1736.705,1636.7120000000002,1281.026,False,True,True,3.067127677517289,1.1411941562842185,14.226791430682084,2.6653972838537707,5860957013.5,False,False,False,False,32.69096662901332,True,True,True,False,True,"['Top-decile blended 1/3/6-month momentum with price > 50 DMA > 200 DMA', 'Extension is 1.1 ATR multiples, inside the configured limit', '20-session range and daily volatility meet tight-setup limits']"
BHEL,Bharat Heavy Electricals Ltd.,Industrials,Capital Goods,Electrical Equipment,Heavy Electrical Equipment,452.0,5.3613053613053685,7.248783960137617,18.448637316561832,58.758034491236714,424.90500000000003,421.099,351.03995000000003,True,True,True,2.797092288242728,2.6235027760223306,12.742175856929938,2.2105035666477777,2890579150.0299997,True,False,True,False,31.77243284732573,True,True,True,False,False,"['Top-decile blended 1/3/6-month momentum with price > 50 DMA > 200 DMA', 'Extension is 2.6 ATR multiples, inside the configured limit', '20-session range and daily volatility meet tight-setup limits']"
AETHER,Aether Industries Ltd.,Commodities,Chemicals,Chemicals & Petrochemicals,Specialty Chemicals,1799.8,8.356411800120412,11.133065761037365,21.133396150222094,51.21828264157284,1668.69,1636.66,1249.46675,True,True,True,3.3991872112774457,2.9324249465128447,16.835190313647196,2.986935914446806,337829632.5,True,False,True,False,30.66726814946621,True,True,False,False,False,"['Top-decile blended 1/3/6-month momentum with price > 50 DMA > 200 DMA', 'Extension is 2.9 ATR multiples, inside the configured limit']"
INOXINDIA,INOX India Ltd.,Industrials,Capital Goods,Industrial Products,Other Industrial Products,2089.1001,-3.6526264815754272,-7.060232227066465,11.365216695985936,70.69205817468746,2124.440005,2045.579994,1575.8659985,False,True,True,4.278671403607163,0.49723826496067935,21.167391754713073,3.8802488603150787,516031849.57500005,False,False,False,False,30.489591056703446,True,True,False,False,True,"['Top-decile blended 1/3/6-month momentum with price > 50 DMA > 200 DMA', 'Extension is 0.5 ATR multiples, inside the configured limit']"
MEESHO,Meesho Ltd.,Consumer Discretionary,Consumer Services,Retailing,E-Retail/ E-Commerce,238.22,5.1743929359823415,13.276271992391809,24.925271382872726,45.620147930802624,221.584,207.6432,180.94674999999998,True,True,True,4.802283603391821,3.066383824032522,18.374848851269654,3.456846251475783,3489989094.2650003,False,False,False,False,30.290972154424455,True,True,False,False,False,"['Top-decile blended 1/3/6-month momentum with price > 50 DMA > 200 DMA', 'Extension is 3.1 ATR multiples, inside the configured limit']"
SAILIFE,Sai Life Sciences Ltd.,Healthcare,Healthcare,Pharmaceuticals & Biotechnology,Pharmaceuticals,1511.3,-1.9400467168440239,-4.607713185634033,25.076553835967896,54.51385338922399,1578.825,1495.362,1156.85025,False,True,True,2.9969468102201517,0.3556382357484344,13.65615163083518,2.0044981463546496,676825651.165,False,True,False,False,29.43040690186985,True,True,True,False,True,"['Top-decile blended 1/3/6-month momentum with price > 50 DMA > 200 DMA', 'Extension is 0.4 ATR multiples, inside the configured limit', '20-session range and daily volatility meet tight-setup limits']"
ABDL,Allied Blenders and Distillers Ltd.,Fast Moving Consumer Goods,Fast Moving Consumer Goods,Beverages,Breweries & Distilleries,714.65,2.569070685324726,19.108333333333327,7.208220822082212,53.17758010931304,668.87,635.547,564.67075,True,True,True,3.9234990155020926,3.172281609573689,28.51419316341317,2.5355219085655842,361054013.75,False,False,False,False,28.570992664787322,True,True,False,False,False,"['Top-decile blended 1/3/6-month momentum with price > 50 DMA > 200 DMA', 'Extension is 3.2 ATR multiples, inside the configured limit']"
CARBORUNIV,Carborundum Universal Ltd.,Industrials,Capital Goods,Industrial Products,Abrasives & Bearings,1267.6,2.250544486569317,17.58812615955472,14.600849832745677,47.275473451841506,1163.19,1129.226,981.164,True,True,True,4.939029887751884,2.4810297507425716,34.45634024162656,2.718078403687296,314398520.73,False,False,False,False,28.41751836208627,True,True,False,False,False,"['Top-decile blended 1/3/6-month momentum with price > 50 DMA > 200 DMA', 'Extension is 2.5 ATR multiples, inside the configured limit']"
COFORGE,Coforge Ltd.,Information Technology,Information Technology,IT - Software,Computers - Software & Consulting,1849.7,-0.12419006479481576,-4.408268733850129,25.949884243497223,51.082251082251084,1805.72,1834.1979999999999,1517.1645,True,True,True,2.949126885440884,0.28658143872227937,10.285381479324407,2.116276175165405,3529991984.035,False,False,False,False,28.41329273466193,True,True,True,False,False,"['Top-decile blended 1/3/6-month momentum with price > 50 DMA > 200 DMA', 'Extension is 0.3 ATR multiples, inside the configured limit', '20-session range and daily volatility meet tight-setup limits']"
ACE,Action Construction Equipment Ltd.,Industrials,Capital Goods,Agricultural Commercial & Construction Vehicles,Construction Vehicles,1252.2,2.0122199592668144,12.48652533237513,28.22035633831661,37.70275471490625,1198.58,1150.63,967.0255000000001,True,True,True,3.059757683619687,2.8849794590692155,16.74799742196853,1.4716319317135362,336916772.0,False,False,False,False,28.079857937467096,True,True,False,False,False,"['Top-decile blended 1/3/6-month momentum with price > 50 DMA > 200 DMA', 'Extension is 2.9 ATR multiples, inside the configured limit']"
SONACOMS,Sona BLW Precision Forgings Ltd.,Consumer Discretionary,Automobile and Auto Components,Auto Components,Auto Components & Equipments,820.0,2.8858218318695172,4.060913705583746,22.251211330600086,47.947677041046454,804.075,801.4060000000001,620.586,True,True,True,2.998257839721254,0.7738401502531849,10.269415717014695,1.9265233354589137,1837919213.5,False,False,False,False,27.98222320852455,True,True,True,False,False,"['Top-decile blended 1/3/6-month momentum with price > 50 DMA > 200 DMA', 'Extension is 0.8 ATR multiples, inside the configured limit', '20-session range and daily volatility meet tight-setup limits']"
AEGISVOPAK,Aegis Vopak Terminals Ltd.,Energy,Oil Gas & Consumable Fuels,Oil,Oil Storage & Transportation,297.55,2.338779019776438,4.586994727592275,7.5702252268536885,58.845825325645976,298.135,286.6966,235.9196,False,True,True,4.729097150538926,0.8005068096696559,14.52274754683318,2.472292501973817,515029605.97,False,False,False,False,27.33465764155525,True,True,True,False,True,"['Top-decile blended 1/3/6-month momentum with price > 50 DMA > 200 DMA', 'Extension is 0.8 ATR multiples, inside the configured limit', '20-session range and daily volatility meet tight-setup limits']"
CHENNPETRO,Chennai Petroleum Corporation Ltd.,Energy,Oil Gas & Consumable Fuels,Petroleum Products,Refineries & Marketing,1405.7,0.3354746609564696,-1.713047126276046,25.31871266827137,44.34461159316116,1441.0549999999998,1392.11,1103.94125,False,True,True,4.417727822437219,0.22097693637611546,26.59421930420347,3.470106547856648,2219685185.675,False,False,False,False,26.17113228959043,True,True,False,False,True,"['Top-decile blended 1/3/6-month momentum with price > 50 DMA > 200 DMA', 'Extension is 0.2 ATR multiples, inside the configured limit']"
CARTRADE,Cartrade Tech Ltd.,Consumer Discretionary,Consumer Services,Retailing,E-Retail/ E-Commerce,2935.3999,4.5891753513441325,-2.1598593427104795,5.745884424722947,61.623163748485844,2965.735005,2928.1880060000003,2383.1459975,False,True,True,4.018678778899694,0.061286819475717236,17.734871158478715,2.433841544891254,787410958.87,False,False,False,False,26.12036021236975,True,True,False,False,True,"['Top-decile blended 1/3/6-month momentum with price > 50 DMA > 200 DMA', 'Extension is 0.1 ATR multiples, inside the configured limit']"
PTCIL,PTC Industries Ltd.,Industrials,Capital Goods,Industrial Products,Castings & Forgings,22530.0,2.2928490351872943,-5.415617128463479,29.415819403756682,42.54080728837151,22591.25,20995.14,18263.245,False,True,True,3.455709847187877,2.1154985042278858,11.971176197117629,2.3063561067806773,394374950.0,False,False,False,False,25.957955424547574,True,True,True,False,True,"['Top-decile blended 1/3/6-month momentum with price > 50 DMA > 200 DMA', 'Extension is 2.1 ATR multiples, inside the configured limit', '20-session range and daily volatility meet tight-setup limits']"
CYIENT,Cyient Ltd.,Information Technology,Information Technology,IT - Services,IT Enabled Services,1140.2,3.2228861126199604,2.6005579051561423,34.44169319655701,32.697119581029966,1079.0149999999999,991.8489999999999,959.8805,True,True,True,4.164682887713937,3.5913933976443686,13.898864408424739,1.8871178183043664,360261147.66999996,True,False,False,False,25.78357992749598,True,True,True,False,False,"['Top-decile blended 1/3/6-month momentum with price > 50 DMA > 200 DMA', 'Extension is 3.6 ATR multiples, inside the configured limit', '20-session range and daily volatility meet tight-setup limits']"
WOCKPHARMA,Wockhardt Ltd.,Healthcare,Healthcare,Pharmaceuticals & Biotechnology,Pharmaceuticals,2063.5,-0.9789289783064814,-1.2064920764111586,13.09947930939983,50.65342775790318,2164.065,2026.9520000000002,1668.9464985,False,True,True,4.3663671293571955,0.41295231299651547,19.96136837289686,2.675209459470841,1750577611.255,False,False,False,False,24.544565842348426,True,True,False,False,True,"['Top-decile blended 1/3/6-month momentum with price > 50 DMA > 200 DMA', 'Extension is 0.4 ATR multiples, inside the configured limit']"
JYOTICNC,Jyoti CNC Automation Ltd.,Industrials,Capital Goods,Industrial Manufacturing,Industrial Products,1029.6,-0.24222459064043855,2.560015937842408,36.61513965368539,27.425742574257406,1032.775,958.513,828.5755,False,True,True,4.504176379176377,1.6465570790366435,22.18393280206761,2.5833246189710977,677474115.99,False,False,False,False,24.42559989295345,True,True,False,False,True,"['Top-decile blended 1/3/6-month momentum with price > 50 DMA > 200 DMA', 'Extension is 1.6 ATR multiples, inside the configured limit']"
LENSKART,Lenskart Solutions Ltd.,Consumer Discretionary,Consumer Services,Retailing,Speciality Retail,692.75,0.2314982275916977,1.1461527230252733,29.111918740098798,34.671461897356146,685.15,644.549,535.1655000000001,True,True,True,3.3005103882043647,2.2657866074320783,11.830942464908233,1.7851414004802515,3498581792.24,False,False,False,False,24.344294498733355,True,True,True,False,False,"['Top-decile blended 1/3/6-month momentum with price > 50 DMA > 200 DMA', 'Extension is 2.3 ATR multiples, inside the configured limit', '20-session range and daily volatility meet tight-setup limits']"
CAPLIPOINT,Caplin Point Laboratories Ltd.,Healthcare,Healthcare,Pharmaceuticals & Biotechnology,Pharmaceuticals,2679.7,2.907066052227325,-4.772565742715007,2.224006341039386,61.23345367027677,2720.959995,2641.510002,2134.304998,False,True,True,4.014040484275957,0.360176710913163,20.05621361172456,2.607546097907837,337666668.595,False,False,False,False,24.078642251795745,True,True,False,False,True,"['Top-decile blended 1/3/6-month momentum with price > 50 DMA > 200 DMA', 'Extension is 0.4 ATR multiples, inside the configured limit']"
LALPATHLAB,Dr. Lal Path Labs Ltd.,Healthcare,Healthcare,Healthcare Services,Healthcare Service Provider,1971.3,-1.6857014612737475,2.3945564097236582,17.283436458829126,42.99289133903961,1930.825,1916.068,1600.586,True,True,True,3.5658122631186084,0.8083908285029596,9.308310991957104,0.9954654975111071,471898119.07500005,False,False,False,False,23.844998398636953,True,True,True,False,False,"['Top-decile blended 1/3/6-month momentum with price > 50 DMA > 200 DMA', 'Extension is 0.8 ATR multiples, inside the configured limit', '20-session range and daily volatility meet tight-setup limits']"
